Speed,Weight,Qualified
0.08,0.533333,no
0.28,0.8,no
0.04,0.466667,no
0.2,0.833333,no
0.12,0.733333,no
0.4,0.4,no
0.24,0.433333,no
0.16,0.166667,no
0.32,0.266667,no
0.36,0.233333,no
0,0,no
0.48,0.066667,no
1,0.866667,no
0.6,0.9,yes
0.44,0.566667,yes
0.56,0.633333,yes
0.52,1,yes
0.8,0.3,yes
0.88,0.8,yes
0.84,0.5,yes
